{
  "project_info": {
    "project_number": "174298139097",
    "firebase_url": "https://datarec-1ddc9-default-rtdb.firebaseio.com",
    "project_id": "datarec-1ddc9",
    "storage_bucket": "datarec-1ddc9.appspot.com"
  },
  "client": [
    {
      "client_info": {
        "mobilesdk_app_id": "1:174298139097:android:323034a228c899687871c8",
        "android_client_info": {
          "package_name": "com.blueprint.blueprintdeliv"
        }
      },
      "oauth_client": [
        {
          "client_id": "174298139097-vil4lv794pf3ih6ar36h8f69s98puk6k.apps.googleusercontent.com",
          "client_type": 3
        }
      ],
      "api_key": [
        {
          "current_key": "AIzaSyCHCIjQ1NsQFRg6sFOvw2xsBZKjjqWJpJ0"
        }
      ],
      "services": {
        "appinvite_service": {
          "other_platform_oauth_client": [
            {
              "client_id": "174298139097-vil4lv794pf3ih6ar36h8f69s98puk6k.apps.googleusercontent.com",
              "client_type": 3
            }
          ]
        }
      }
    },
    {
      "client_info": {
        "mobilesdk_app_id": "1:174298139097:android:2c130f9547db78a97871c8",
        "android_client_info": {
          "package_name": "com.blueprint211.delreq"
        }
      },
      "oauth_client": [
        {
          "client_id": "174298139097-vil4lv794pf3ih6ar36h8f69s98puk6k.apps.googleusercontent.com",
          "client_type": 3
        }
      ],
      "api_key": [
        {
          "current_key": "AIzaSyCHCIjQ1NsQFRg6sFOvw2xsBZKjjqWJpJ0"
        }
      ],
      "services": {
        "appinvite_service": {
          "other_platform_oauth_client": [
            {
              "client_id": "174298139097-vil4lv794pf3ih6ar36h8f69s98puk6k.apps.googleusercontent.com",
              "client_type": 3
            }
          ]
        }
      }
    }
  ],
  "configuration_version": "1"
}